Run,Band Gap Energy (eV)
1,0.26200008392333984
25,0.12599992752075195
49,0.21199989318847656
73,0.3400001525878906
97,0.2800002098083496
