Run,Energy (eV)
1,5.458199977874756
25,5.286600112915039
49,5.403800010681152
73,5.5243000984191895
97,5.455100059509277
